﻿<?xml version="1.0" encoding="UTF-8" standalone="yes"?>
<addon id="repository.chesterfiel" name="chesterfiel addons" version="0.0.1" provider-name="chesterfiel">
	<extension point="xbmc.addon.repository" name="Demonstration Add-on Repository">
		<info compressed="false">http://raw.github.com/chesterfiel/chesterfiel/master/addons.xml</info>
		<checksum>http://raw.github.com/chesterfiel/chesterfiel/master/addons.xml.md5</checksum>
		<datadir zip="true">http://raw.github.com/chesterfiel/chesterfiel/master/repo/</datadir>
	</extension>
	<extension point="xbmc.addon.metadata">
		<summary>Demonstration Addon</summary>
		<description>Addon Description</description>
		<disclaimer></disclaimer>
		<platform>all</platform>
	</extension>
</addon>